{
    "meshes": [],
    "cameras": {
        "test": {
            "101": {
                "projectionMatrix": [
                    [
                        -2.777777671813965,
                        0.0,
                        0.0,
                        0.0
                    ],
                    [
                        0.0,
                        -2.777777671813965,
                        0.0,
                        0.0
                    ],
                    [
                        0.0,
                        0.0,
                        -1.002002002002002,
                        -0.20020020020020018
                    ],
                    [
                        0.0,
                        0.0,
                        -1.0,
                        0.0
                    ]
                ],
                "matrixWorld": [
                    [
                        0.19491731852458008,
                        -0.12395034399036256,
                        -0.09397987368700433,
                        -0.37591949474801734
                    ],
                    [
                        -0.15555033982058572,
                        -0.15531991808256512,
                        -0.11776447459335097,
                        -0.4710578983734039
                    ],
                    [
                        -3.716000604583454e-09,
                        -0.15066747101623915,
                        0.19871581388976933,
                        0.7948632555590773
                    ],
                    [
                        0.0,
                        0.0,
                        0.0,
                        1.0
                    ]
                ]
            },
            "111": {
                "projectionMatrix": [
                    [
                        -2.777777671813965,
                        0.0,
                        0.0,
                        0.0
                    ],
                    [
                        0.0,
                        -2.777777671813965,
                        0.0,
                        0.0
                    ],
                    [
                        0.0,
                        0.0,
                        -1.002002002002002,
                        -0.20020020020020018
                    ],
                    [
                        0.0,
                        0.0,
                        -1.0,
                        0.0
                    ]
                ],
                "matrixWorld": [
                    [
                        0.22337169792200642,
                        -0.018677116614231954,
                        0.10929281174493462,
                        0.43717118752373585
                    ],
                    [
                        0.11087719530183641,
                        0.03762666806431158,
                        -0.2201798321511983,
                        -0.880719209692788
                    ],
                    [
                        0.0,
                        -0.24581305395393793,
                        -0.042007159658810744,
                        -0.16802862377124234
                    ],
                    [
                        0.0,
                        0.0,
                        0.0,
                        1.0
                    ]
                ]
            },
            "121": {
                "projectionMatrix": [
                    [
                        -2.777777671813965,
                        0.0,
                        0.0,
                        0.0
                    ],
                    [
                        0.0,
                        -2.777777671813965,
                        0.0,
                        0.0
                    ],
                    [
                        0.0,
                        0.0,
                        -1.002002002002002,
                        -0.20020020020020018
                    ],
                    [
                        0.0,
                        0.0,
                        -1.0,
                        0.0
                    ]
                ],
                "matrixWorld": [
                    [
                        -0.2351287508332981,
                        -0.018018104423572778,
                        -0.08110784979122472,
                        -0.32443136943689754
                    ],
                    [
                        -0.0830851037492117,
                        0.05099078328149129,
                        0.22953318292595756,
                        0.9181326127918251
                    ],
                    [
                        0.0,
                        -0.2434418891148205,
                        0.05408061140386199,
                        0.21632241588744666
                    ],
                    [
                        0.0,
                        0.0,
                        0.0,
                        1.0
                    ]
                ]
            },
            "131": {
                "projectionMatrix": [
                    [
                        -2.777777671813965,
                        0.0,
                        0.0,
                        0.0
                    ],
                    [
                        0.0,
                        -2.777777671813965,
                        0.0,
                        0.0
                    ],
                    [
                        0.0,
                        0.0,
                        -1.002002002002002,
                        -0.20020020020020018
                    ],
                    [
                        0.0,
                        0.0,
                        -1.0,
                        0.0
                    ]
                ],
                "matrixWorld": [
                    [
                        -0.22699878163174134,
                        0.08751400367781605,
                        0.054786168354545306,
                        0.21914467341818122
                    ],
                    [
                        0.10324837331407359,
                        0.19240565915135283,
                        0.12045122446219257,
                        0.4818048978487703
                    ],
                    [
                        0.0,
                        -0.1323254279945789,
                        0.2113732239122158,
                        0.8454928956488632
                    ],
                    [
                        0.0,
                        0.0,
                        0.0,
                        1.0
                    ]
                ]
            },
            "141": {
                "projectionMatrix": [
                    [
                        -2.777777671813965,
                        0.0,
                        0.0,
                        0.0
                    ],
                    [
                        0.0,
                        -2.777777671813965,
                        0.0,
                        0.0
                    ],
                    [
                        0.0,
                        0.0,
                        -1.002002002002002,
                        -0.20020020020020018
                    ],
                    [
                        0.0,
                        0.0,
                        -1.0,
                        0.0
                    ]
                ],